{"cameraMode":{"drawMode":0,"name":"Shaded","section":"Shading Mode"},"sceneLighting":false,"audioPlay":false,"sceneViewState":{"showFog":true,"showMaterialUpdate":false,"showSkybox":true,"showFlares":true,"showImageEffects":true,"showParticleSystems":true},"in2DMode":false,"pivot":{"x":-2.6224396228790285,"y":0.5445518493652344,"z":2.8223419189453127},"rotation":{"x":0.5804417729377747,"y":-0.02075909450650215,"z":0.014804299920797348,"w":0.8139072060585022},"size":26.4725284576416,"orthographic":false}